{
	"format_version": "1.12.0",
	"minecraft:geometry": [
		{
			"description": {
				"identifier": "geometry.chicken",
				"texture_width": 102,
				"texture_height": 64,
				"visible_bounds_width": 2,
				"visible_bounds_height": 2.25,
				"visible_bounds_offset": [0, 0.875, 0]
			},
			"bones": [
				{
					"name": "body",
					"pivot": [0, 4, 0],
					"cubes": [
						{
							"origin": [-1.5, 2, -1.5],
							"size": [3, 4, 3],
							"pivot": [0, 4, 0],
							"rotation": [90, 0, 0],
							"uv": {
								"north": {"uv": [12.99197, 14.9837], "uv_size": [4.99691, 7.9913]},
								"east": {"uv": [0, 14.9837], "uv_size": [5.99629, 7.9913]},
								"south": {"uv": [12.99197, 8.99022], "uv_size": [4.99691, 5.99348]},
								"west": {"uv": [17.98888, 14.9837], "uv_size": [5.99629, 7.9913]},
								"up": {"uv": [12.99197, 14.9837], "uv_size": [-6.99567, -5.99348]},
								"down": {"uv": [12.99197, 22.975], "uv_size": [-6.99567, -7.9913]}
							}
						}
					]
				},
				{
					"name": "head",
					"pivot": [0, 4.5, -2],
					"cubes": [
						{
							"origin": [-1, 4.5, -3],
							"size": [2, 3, 1.5],
							"uv": {
								"north": {"uv": [2.99815, 2.99674], "uv_size": [3.99753, 5.99348]},
								"east": {"uv": [0, 2.99674], "uv_size": [2.99815, 5.99348]},
								"south": {"uv": [10.9932, 2.99674], "uv_size": [2.99815, 5.99348]},
								"west": {"uv": [6.99567, 2.99674], "uv_size": [3.99753, 5.99348]},
								"up": {"uv": [6.99567, 2.99674], "uv_size": [-3.99753, -2.99674]},
								"down": {"uv": [10.9932, 2.99674], "uv_size": [-3.99753, -2.99674]}
							}
						}
					],
					"locators": {
						"lead": [0, 4.5, -2]
					}
				},
				{
					"name": "comb",
					"parent": "head",
					"pivot": [0, 4.5, -2],
					"cubes": [
						{
							"origin": [-0.5, 4.5, -3.5],
							"size": [1, 1, 1],
							"uv": {
								"north": {"uv": [15.99011, 3.99565], "uv_size": [1.99876, 1.99783]},
								"east": {"uv": [19.98764, 5.99348], "uv_size": [1.99876, 1.99783]},
								"south": {"uv": [17.98888, 5.99348], "uv_size": [1.99876, 1.99783]},
								"west": {"uv": [13.99135, 5.99348], "uv_size": [1.99876, 1.99783]},
								"up": {"uv": [17.98888, 7.9913], "uv_size": [-1.99876, -1.99783]},
								"down": {"uv": [19.98764, 5.99348], "uv_size": [-1.99876, -1.99783]}
							}
						}
					]
				},
				{
					"name": "beak",
					"parent": "head",
					"pivot": [0, 4.5, -2],
					"cubes": [
						{
							"origin": [-1, 5.5, -4],
							"size": [2, 1, 1],
							"uv": {
								"north": {"uv": [15.99011, 1.99783], "uv_size": [3.99753, 1.99783]},
								"east": {"uv": [13.99135, 1.99783], "uv_size": [1.99876, 1.99783]},
								"south": {"uv": [21.9864, 1.99783], "uv_size": [3.99753, 1.99783]},
								"west": {"uv": [19.98764, 1.99783], "uv_size": [1.99876, 1.99783]},
								"up": {"uv": [19.98764, 0], "uv_size": [-3.99753, 1.99783]},
								"down": {"uv": [23.98517, 1.99783], "uv_size": [-3.99753, -1.99783]}
							}
						}
					]
				},
				{
					"name": "leg0",
					"pivot": [-1, 2.5, 0.5],
					"cubes": [
						{
							"origin": [-1.5, 0, -1],
							"size": [1.5, 2.5, 1.5],
							"uv": {
								"north": {"uv": [33.97899, 8.99022], "uv_size": [1.99876, 0]},
								"east": {"uv": [31.98022, 2.99674], "uv_size": [1.99876, 4.99457]},
								"south": {"uv": [34.97837, 2.99674], "uv_size": [2.99815, 4.99457]},
								"west": {"uv": [35.97775, 0.99891], "uv_size": [1.99876, 0.99891]},
								"up": {"uv": [37.97652, 0.99891], "uv_size": [-1.99876, -0.99891]},
								"down": {"uv": [34.97837, 2.99674], "uv_size": [-2.99815, -2.99674]}
							}
						}
					]
				},
				{
					"name": "leg1",
					"pivot": [0.5, 2.5, 0.5],
					"cubes": [
						{
							"origin": [0, 0, -1],
							"size": [1.5, 2.5, 1.5],
							"uv": {
								"north": {"uv": [33.97899, 8.99022], "uv_size": [1.99876, 0]},
								"east": {"uv": [31.98022, 2.99674], "uv_size": [1.99876, 4.99457]},
								"south": {"uv": [34.97837, 2.99674], "uv_size": [2.99815, 4.99457]},
								"west": {"uv": [35.97775, 0.99891], "uv_size": [1.99876, 0.99891]},
								"up": {"uv": [37.97652, 0.99891], "uv_size": [-1.99876, -0.99891]},
								"down": {"uv": [34.97837, 2.99674], "uv_size": [-2.99815, -2.99674]}
							}
						}
					]
				},
				{
					"name": "wing0",
					"pivot": [-1.5, 5.5, 0],
					"cubes": [
						{
							"origin": [-2, 3.5, -1.5],
							"size": [0.5, 2, 3],
							"uv": {
								"north": {"uv": [29.98146, 18.97935], "uv_size": [1.99876, 3.99565]},
								"east": {"uv": [23.98517, 18.97935], "uv_size": [5.99629, 3.99565]},
								"south": {"uv": [29.98146, 12.98587], "uv_size": [1.99876, 5.99348]},
								"west": {"uv": [31.98022, 18.97935], "uv_size": [5.99629, 3.99565]},
								"up": {"uv": [31.98022, 18.97935], "uv_size": [-1.99876, -5.99348]},
								"down": {"uv": [31.98022, 18.97935], "uv_size": [-1.99876, -5.99348]}
							}
						}
					]
				},
				{
					"name": "wing1",
					"pivot": [1.5, 5.5, 0],
					"cubes": [
						{
							"origin": [1.5, 3.5, -1.5],
							"size": [0.5, 2, 3],
							"uv": {
								"north": {"uv": [29.98146, 18.97935], "uv_size": [1.99876, 3.99565]},
								"east": {"uv": [23.98517, 18.97935], "uv_size": [5.99629, 3.99565]},
								"south": {"uv": [29.98146, 12.98587], "uv_size": [1.99876, 5.99348]},
								"west": {"uv": [31.98022, 18.97935], "uv_size": [5.99629, 3.99565]},
								"up": {"uv": [31.98022, 18.97935], "uv_size": [-1.99876, -5.99348]},
								"down": {"uv": [31.98022, 18.97935], "uv_size": [-1.99876, -5.99348]}
							}
						}
					]
				},
				{
					"name": "body2",
					"parent": "wing1",
					"pivot": [0, 7.4, 0],
					"cubes": [
						{
							"origin": [-1.2, 5.75, 0.5],
							"size": [2.4, 3.6, 1.2],
							"uv": {
								"north": {"uv": [58, 20], "uv_size": [8, 12]},
								"east": {"uv": [54, 20], "uv_size": [4, 12]},
								"south": {"uv": [70, 20], "uv_size": [8, 12]},
								"west": {"uv": [66, 20], "uv_size": [4, 12]},
								"up": {"uv": [58, 16], "uv_size": [8, 4]},
								"down": {"uv": [66, 20], "uv_size": [8, -4]}
							}
						}
					]
				},
				{
					"name": "jacket",
					"parent": "body2",
					"pivot": [0, -4.6, 0],
					"cubes": [
						{
							"origin": [-0.85, 6.1, 0.85],
							"size": [1.7, 2.9, 0.5],
							"inflate": 0.5,
							"uv": {
								"north": {"uv": [58, 36], "uv_size": [8, 12]},
								"east": {"uv": [54, 36], "uv_size": [4, 12]},
								"south": {"uv": [70, 36], "uv_size": [8, 12]},
								"west": {"uv": [66, 36], "uv_size": [4, 12]},
								"up": {"uv": [58, 32], "uv_size": [8, 4]},
								"down": {"uv": [66, 36], "uv_size": [8, -4]}
							}
						}
					]
				},
				{
					"name": "head2",
					"parent": "body2",
					"pivot": [0.15, -6.6, 0],
					"cubes": [
						{
							"origin": [-1.15, 10.1, -0.2],
							"size": [2.6, 2.6, 2.6],
							"inflate": 0.5,
							"uv": {
								"north": {"uv": [46, 8], "uv_size": [8, 8]},
								"east": {"uv": [38, 8], "uv_size": [8, 8]},
								"south": {"uv": [62, 8], "uv_size": [8, 8]},
								"west": {"uv": [54, 8], "uv_size": [8, 8]},
								"up": {"uv": [46, 0], "uv_size": [8, 8]},
								"down": {"uv": [54, 8], "uv_size": [8, -8]}
							}
						}
					]
				},
				{
					"name": "hat",
					"parent": "head2",
					"pivot": [0.15, -6.6, 0],
					"cubes": [
						{
							"origin": [-0.85, 10.4, 0.1],
							"size": [2, 2, 2],
							"inflate": 1,
							"uv": {
								"north": {"uv": [78, 8], "uv_size": [8, 8]},
								"east": {"uv": [70, 8], "uv_size": [8, 8]},
								"south": {"uv": [94, 8], "uv_size": [8, 8]},
								"west": {"uv": [86, 8], "uv_size": [8, 8]},
								"up": {"uv": [78, 0], "uv_size": [8, 8]},
								"down": {"uv": [86, 8], "uv_size": [8, -8]}
							}
						}
					]
				},
				{
					"name": "rightArm",
					"parent": "body2",
					"pivot": [-1.5, 9.05, 1.1],
					"rotation": [-77.5357, -2.55907, 8.04148],
					"cubes": [
						{
							"origin": [-2.1, 5.75, 0.5],